attributeName,attributeValue,testName,subTestName,subSubTestName,relaxedUpperLimit,upperLimit,measurementValue,lowerLimit,relaxedLowerLimit,measurementUnits,priority,status,failureMessage,startTime,stopTime,timeInterval
SwName,Atlas2 DFU,,,,,,,,,,,,,,,
SwVersion,0.0.0,,,,,,,,,,,,,,,
PrimaryIdentity,DLX1133006S0NC419,,,,,,,,,,,,,,,
,,Fixture,Fixture_SetUp,CHANNEL_ID ERROR_FROM_TECH_FUNCTION,,1,0,0,,,,FAIL,"/Users/gdlocal/Library/Atlas2/Modules/Tech/Fixture.lua:18: {;     ErrorLocation = ""ATPInstantPuddingReportingTarget.mm:checkIPReply:58"";;     NSLocalizedDescription = ""0 size string passed as a parameter --IPError"";; }; stack traceback:; 	[C]: in field 'fixtureID'; 	/Users/gdlocal/Library/Atlas2/Modules/Tech/Fixture.lua:18: in function 'Tech/Fixture.getSlotID'; 	[C]: in function 'xpcall'; 	...ocal/Library/Atlas2/Modules/Matchbox/SequenceControl.lua:443: in function 'Matchbox/SequenceControl._executeTechS...",,,
,,Fixture,LED_INPROGRESS_ON,LED INPROGRESS ON,,1,1,0,,,,PASS,No user failure message was provided,,,
,,Fixture,SET_FAN_SPEED_100,SET FAN SPEED 100,,1,1,0,,,,PASS,No user failure message was provided,,,
,,Power,Rail_Discharge-Initial,Fixture_Reset,,1,1,0,,,,PASS,No user failure message was provided,,,
,,Power,Rail_Discharge-Initial,VBATT_Power_Discharge_DFU,,1,1,0,,,,PASS,No user failure message was provided,,,
,,Power,Rail_Discharge-Initial,VBUS_Power_Discharge_DFU,,1,1,0,,,,PASS,No user failure message was provided,,,
,,Power,Rail_Discharge-Initial,PPVCC_MAIN_Discharge_DFU,,1,1,0,,,,PASS,No user failure message was provided,,,
,,Power,Rail_Discharge-Initial,PPVCC_HIGH_Discharge_DFU,,1,1,0,,,,PASS,No user failure message was provided,,,
,,Power,Rail_Discharge-Initial,DELAY_3000MS_DFU,,1,1,0,,,,PASS,No user failure message was provided,,,
,,Power,Rail_Discharge-Initial,VBATT_Power_Disconnect_DFU,,1,1,0,,,,PASS,No user failure message was provided,,,
,,Power,Rail_Discharge-Initial,VBUS_Power_Disconnect_DFU,,1,1,0,,,,PASS,No user failure message was provided,,,
,,Power,Rail_Discharge-Initial,PPVCC_MAIN_Disconnect_DFU,,1,1,0,,,,PASS,No user failure message was provided,,,
,,Power,Rail_Discharge-Initial,PPVCC_HIGH_Disconnect_DFU,,1,1,0,,,,PASS,No user failure message was provided,,,
,,Power,Rail_Discharge-Initial,Set_VBATT_4V2_DFU_DFU,,1,1,0,,,,PASS,No user failure message was provided,,,
,,Power,Rail_Discharge-Initial,ACE_TO_PARROT_RESET_L,,1,1,0,,,,PASS,No user failure message was provided,,,
,,Power,Rail_Discharge-Initial,GPIO_FORCE_DFU_1V2_DFU,,1,1,0,,,,PASS,No user failure message was provided,,,
,,System,Enter_DFU-Initial,Debug_UART_Connected_DFU,,1,1,0,,,,PASS,No user failure message was provided,,,
,,System,Enter_DFU-Initial,Set_PDVBUS_5V_DFU,,1,1,0,,,,PASS,No user failure message was provided,,,
,,System,Enter_DFU-Initial,USB_SOC_Connected_DFU,,1,1,0,,,,PASS,No user failure message was provided,,,
,,System,Enter_DFU-Initial,DFU_Mode,,1,1,0,,,,PASS,No user failure message was provided,,,
,,Restore,NonUI-DCSD,MLB_Type,,1,1,0,,,,PASS,No user failure message was provided,,,
,,Restore,NonUI-DCSD,Waiting_Position_percentage,,1,1,0,,,,PASS,No user failure message was provided,,,
,,Restore,NonUI-DCSD,DFU_download,,1,1,0,,,,PASS,No user failure message was provided,,,
,,Restore,NonUI-DCSD,Booting,,1,1,0,,,,PASS,No user failure message was provided,,,
,,Restore,NonUI-DCSD,Personalizing_Restore_Bundle,,1,1,0,,,,PASS,No user failure message was provided,,,
,,Restore,NonUI-DCSD,Setting_Date_and_Time,,1,1,0,,,,PASS,No user failure message was provided,,,
,,Restore,NonUI-DCSD,Loading_Firmware_To_Flash,,1,1,0,,,,PASS,No user failure message was provided,,,
,,Restore,NonUI-DCSD,Waiting_for_NAND,,1,1,0,,,,PASS,No user failure message was provided,,,
,,Restore,NonUI-DCSD,Updating_NAND_Firmware,,1,1,0,,,,PASS,No user failure message was provided,,,
,,Restore,NonUI-DCSD,Creating_Partition_Map,,1,1,0,,,,PASS,No user failure message was provided,,,
,,Restore,NonUI-DCSD,Restoring_image,,1,1,0,,,,PASS,No user failure message was provided,,,
,,Restore,NonUI-DCSD,Verifying_restore,,1,1,0,,,,PASS,No user failure message was provided,,,
,,Restore,NonUI-DCSD,Flashing_firmware,,1,1,0,,,,PASS,No user failure message was provided,,,
,,Restore,NonUI-DCSD,Updating_gas_gauge_software,,1,1,0,,,,PASS,No user failure message was provided,,,
,,Restore,NonUI-DCSD,Updating_Stockholm,,1,1,0,,,,PASS,No user failure message was provided,,,
,,Restore,NonUI-DCSD,Updating_baseband,,1,1,0,,,,PASS,No user failure message was provided,,,
,,Restore,NonUI-DCSD,Updating_SE_Firmware,,1,1,0,,,,PASS,No user failure message was provided,,,
,,Restore,NonUI-DCSD,Pairing_Stockholm,,1,1,0,,,,PASS,No user failure message was provided,,,
,,Restore,NonUI-DCSD,Fixing_up/var,,1,1,0,,,,PASS,No user failure message was provided,,,
,,Restore,NonUI-DCSD,Sending_FDR_user_info,,1,1,0,,,,PASS,No user failure message was provided,,,
,,Restore,NonUI-DCSD,Restore_successful,,1,1,0,,,,PASS,No user failure message was provided,,,
OS_Version,SkyNiseko19A42240f,,,,,,,,,,,,,,,
,,Restore,NonUI-DCSD,OS_Version,,1,1,0,,,,PASS,No user failure message was provided,,,
Lynx_ID,60782030D63799,,,,,,,,,,,,,,,
,,Restore,NonUI-DCSD,Lynx_ID,,1,1,0,,,,PASS,No user failure message was provided,,,
SIK,sik-00008110-000665820280011E-A00E9F95DAE3ED251D38E5CADDDFE5E34BFECA762850560E9DF3E2017CAECE53504A320C1B5DC8DF222FB7B363BC7B1E,,,,,,,,,,,,,,,
,,Restore,NonUI-DCSD,SIK,,1,1,0,,,,PASS,No user failure message was provided,,,
ACE2_UUID,7D36080B0F2D8EB6464683750D795380,,,,,,,,,,,,,,,
,,Restore,NonUI-DCSD,ACE2_UUID,,1,1,0,,,,PASS,No user failure message was provided,,,
,,Restore,NonUI-DCSD,Restore_complete,,1,1,0,,,,PASS,No user failure message was provided,,,
,,Restore,NonUI-DCSD,Restore_Hang_Check,,1,1,0,,,,PASS,No user failure message was provided,,,
,,Restore,NonUI-DCSD,Kernel_Panic,,1,1,0,,,,PASS,No user failure message was provided,,,
,,Restore,NonUI-DCSD,Iboot_Panic,,1,1,0,,,,PASS,No user failure message was provided,,,
,,Power,Rail_Discharge-Initial,USB_SOC_Disconnected_Diags,,1,1,0,,,,PASS,No user failure message was provided,,,
,,Power,Rail_Discharge-Initial,GPIO_FORCE_DFU_Disconnected_Diags,,1,1,0,,,,PASS,No user failure message was provided,,,
,,Power,Rail_Discharge-Initial,ACE_TO_PARROT_RESET_L_Disconnected_Diags,,1,1,0,,,,PASS,No user failure message was provided,,,
,,Power,Rail_Discharge-Initial,Set_PDVBUS_0V_Diags,,1,1,0,,,,PASS,No user failure message was provided,,,
,,Power,Rail_Discharge-Initial,VBUS_Power_Discharge_Diags,,1,1,0,,,,PASS,No user failure message was provided,,,
,,Power,Rail_Discharge-Initial,Set_VBATT_0V_Diags,,1,1,0,,,,PASS,No user failure message was provided,,,
,,Power,Rail_Discharge-Initial,VBATT_Power_Discharge_Diags,,1,1,0,,,,PASS,No user failure message was provided,,,
,,Power,Rail_Discharge-Initial,PPVCC_MAIN_Discharge_Diags,,1,1,0,,,,PASS,No user failure message was provided,,,
,,Power,Rail_Discharge-Initial,PPVCC_HIGH_Discharge_Diags,,1,1,0,,,,PASS,No user failure message was provided,,,
,,Power,Rail_Discharge-Initial,DELAY_3000MS_Diags,,1,1,0,,,,PASS,No user failure message was provided,,,
,,Power,Rail_Discharge-Initial,VBATT_Power_Disconnect_Diags,,1,1,0,,,,PASS,No user failure message was provided,,,
,,Power,Rail_Discharge-Initial,VBUS_Power_Disconnect_Diags,,1,1,0,,,,PASS,No user failure message was provided,,,
,,Power,Rail_Discharge-Initial,PPVCC_MAIN_Disconnect_Diags,,1,1,0,,,,PASS,No user failure message was provided,,,
,,Power,Rail_Discharge-Initial,PPVCC_HIGH_Disconnect_Diags,,1,1,0,,,,PASS,No user failure message was provided,,,
,,Power,Rail_Discharge-Initial,Power_OCP_Reset,,1,1,0,,,,PASS,No user failure message was provided,,,
,,System,Enter_Diags-Initial,DELAY_500MS_Diags,,1,1,0,,,,PASS,No user failure message was provided,,,
,,System,Enter_Diags-Initial,Set_VBATT_4V2_Diags,,1,1,0,,,,PASS,No user failure message was provided,,,
,,System,Enter_Diags-Initial,Debug_UART_Connected_Diags,,1,1,0,,,,PASS,No user failure message was provided,,,
,,System,Enter_Diags-Initial,Set_PDVBUS_5V_Diags,,1,1,0,,,,PASS,No user failure message was provided,,,
,,System,Enter_Diags-Initial,Enter_Diag_Check,,1,1,0,,,,PASS,No user failure message was provided,,,
Diags_Version,Midas-532.0.106.8,,,,,,,,,,,,,,,
,,System,Enter_Diags-Initial,Diags_version,,1,1,0,,,,PASS,No user failure message was provided,,,
,,SystemState,SOC_Thermal-OffOn,SOCHOT1_SELECT1,,1,1,0,,,,PASS,No user failure message was provided,,,
,,SystemState,SOC_Thermal-OffOn,SOCHOT1_READ1,,1,1,0,,,,PASS,No user failure message was provided,,,
,,SystemState,SOC_Thermal-OffOn,SOCHOT1_Off,,1,1,0,,,,PASS,No user failure message was provided,,,
,,SystemState,SOC_Thermal-OffOn,SOCHOT1_On,,1,1,0,,,,PASS,No user failure message was provided,,,
,,SystemState,SOC_Thermal-OffOn,Enter_Diag_Check,,1,1,0,,,,PASS,No user failure message was provided,,,
,,SystemState,SOC_Thermal-OffOn,SOCHOT1_SELECT2,,1,1,0,,,,PASS,No user failure message was provided,,,
,,SystemState,SOC_Thermal-OffOn,SOCHOT1_READ2,,1,1,0,,,,PASS,No user failure message was provided,,,
,,SystemState,RTOS,Enter_Rtos,,1,1,0,,,,PASS,No user failure message was provided,,,
RTOS_Version,PeRtosFactoryTests-2695.1.1 (RELEASE),,,,,,,,,,,,,,,
,,SystemState,RTOS,Rtos_version,,1,1,0,,,,PASS,No user failure message was provided,,,
,,SystemState,RBM,Enter_Rbm,,1,1,0,,,,PASS,No user failure message was provided,,,
RBM_Version,SiValFactoryTests_H14P-100043,,,,,,,,,,,,,,,
,,SystemState,RBM,Rbm_version,,1,1,0,,,,PASS,No user failure message was provided,,,
,,SystemState,RBM,RBM_Reset,,1,1,0,,,,PASS,No user failure message was provided,,,
,,SystemState,RBM,Enter_Diag,,1,1,0,,,,PASS,No user failure message was provided,,,
MEMORY_SIZE,4GB,,,,,,,,,,,,,,,
,,DUTInfo,SOC,Memory_Size,,1,1,0,,,,PASS,No user failure message was provided,,,
BOARDID,0x06,,,,,,,,,,,,,,,
,,DUTInfo,SOC,BOARD_ID,,1,1,0,,,,PASS,No user failure message was provided,,,
,,DUTInfo,SOC,BOARD_ID_SET,,1,1,0,,,,PASS,No user failure message was provided,,,
Chip_ID,8110,,,,,,,,,,,,,,,
,,DUTInfo,SOC,Chip_ID,,1,1,0,,,,PASS,No user failure message was provided,,,
Chip_Ver,10.0,,,,,,,,,,,,,,,
,,DUTInfo,SOC,Chip_Ver,,1,1,0,,,,PASS,No user failure message was provided,,,
DIE_ID,00000182:0280011E,,,,,,,,,,,,,,,
,,DUTInfo,SOC,DIE_ID,,1,1,0,,,,PASS,No user failure message was provided,,,
FUSE_ID,A050C030:A050C030,,,,,,,,,,,,,,,
,,DUTInfo,SOC,FUSE_ID,,1,1,0,,,,PASS,No user failure message was provided,,,
ECID,0x000665820280011E,,,,,,,,,,,,,,,
,,DUTInfo,SOC,ECID,,1,1,0,,,,PASS,No user failure message was provided,,,
PRODUCTION_SOC,0,,,,,,,,,,,,,,,
,,DUTInfo,SOC,Production_Mode,,1,1,0,,,,PASS,No user failure message was provided,,,
,,DUTInfo,RTC,CB_INIT,,1,1,0,,,,PASS,No user failure message was provided,,,
,,DUTInfo,RTC,SYSCFG_INIT,,1,1,0,,,,PASS,No user failure message was provided,,,
,,DUTInfo,RTC,SET_RTC,,1,1,0,,,,PASS,No user failure message was provided,,,
,,DUTInfo,RTC,GET_RTC,,1,1,0,,,,PASS,No user failure message was provided,,,
sn,DLX1133006S0NC419,,,,,,,,,,,,,,,
,,DUTInfo,SN,WRITE_SN,,1,1,0,,,,PASS,No user failure message was provided,,,
,,DUTInfo,SN,READ_SN,,1,1,0,,,,PASS,No user failure message was provided,,,
,,DUTInfo,SN,CHECK_SN,,1,1,0,,,,PASS,No user failure message was provided,,,
,,DUTInfo,startProcessControl,Set RTC Start,,1,1,0,,,,PASS,No user failure message was provided,,,
cfg,QQ-P2MA_P2WBKU5-ED_0124,,,,,,,,,,,,,,,
,,DUTInfo,CFG,QUERY_CFG,,1,1,0,,,,PASS,No user failure message was provided,,,
,,DUTInfo,CFG,SET_MLB_CFG,,1,1,0,,,,PASS,No user failure message was provided,,,
,,DUTInfo,CFG,Read_MLB_CFG,,1,1,0,,,,PASS,No user failure message was provided,,,
,,DUTInfo,CB,Write_DFU_CB_Incomplete,,1,1,0,,,,PASS,No user failure message was provided,,,
,,SEP,Initial-Test,SEP_INIT,,1,1,0,,,,PASS,No user failure message was provided,,,
,,SEP,Initial-Test,SEP_LYNX,,1,1,0,,,,PASS,No user failure message was provided,,,
,,System,Smokey_Test-Pad_DFU,Smokey_Run,,1,1,0,,,,PASS,No user failure message was provided,,,
BBLib_Ver,v6.008-J31x-EVT-EB5,,,,,,,,,,,,,,,
,,System,Smokey_Test-Pad_DFU,BBLib_Ver,,1,1,0,,,,PASS,No user failure message was provided,,,
,,System,Smokey_Test-Pad_DFU,BB_Train_Time,NA,50000,25364,600,NA,us,1,PASS,No user failure message was provided,,,
,,System,Smokey_Test-Pad_DFU,BB_FWDownload_time,NA,10000,4622,1000,NA,ms,1,PASS,No user failure message was provided,,,
,,System,Smokey_Test-Pad_DFU,WFR_time,NA,8000,19,0,NA,ms,1,PASS,No user failure message was provided,,,
,,System,Smokey_Test-Pad_DFU,BB_FIRMWARE_VERSION,,1,1,0,,,,PASS,No user failure message was provided,,,
BB_SNUM,0xD2F99EC3 ,,,,,,,,,,,,,,,
,,System,Smokey_Test-Pad_DFU,BB_SNUM,NA,NA,3539574467,NA,NA,,1,PASS,No user failure message was provided,,,
,,System,Smokey_Test-Pad_DFU,BB_HWID,NA,NA,181,NA,NA,,1,PASS,No user failure message was provided,,,
,,System,Smokey_Test-Pad_DFU,BB_MDMVER,NA,NA,2,NA,NA,,1,PASS,No user failure message was provided,,,
,,System,Smokey_Test-Pad_DFU,PCIE Link Speed,NA,2147483647,1,-2147483648,NA,,1,PASS,No user failure message was provided,,,
,,System,Smokey_Test-Pad_DFU,pcie_pmchg_l1.2_l1.2,NA,10,0.391,0,NA,ms,1,PASS,No user failure message was provided,,,
,,System,Smokey_Test-Pad_DFU,pcie_pmchg_l1.2_l1,NA,10,0.1729999999999999,0,NA,ms,1,PASS,No user failure message was provided,,,
,,System,Smokey_Test-Pad_DFU,pcie_pmchg_l1_l1.1,NA,10,0.343,0,NA,ms,1,PASS,No user failure message was provided,,,
,,System,Smokey_Test-Pad_DFU,pcie_pmchg_l1.1_l0,NA,10,0.1729999999999999,0,NA,ms,1,PASS,No user failure message was provided,,,
,,System,Smokey_Test-Pad_DFU,pcie_pmchg_l0_l1.2,NA,10,0.385,0,NA,ms,1,PASS,No user failure message was provided,,,
,,System,Smokey_Test-Pad_DFU,pcie_pmchg_l1.2_l1.1,NA,10,0.348,0,NA,ms,1,PASS,No user failure message was provided,,,
,,System,Smokey_Test-Pad_DFU,pcie_pmchg_l1.1_l1.2,NA,10,0.386,0,NA,ms,1,PASS,No user failure message was provided,,,
,,System,Smokey_Test-Pad_DFU,pcie_pmchg_l1.2_l0,NA,10,0.175,0,NA,ms,1,PASS,No user failure message was provided,,,
,,System,Smokey_Test-Pad_DFU,pcie_pmchg_l0_l1.1,NA,10,0.347,0,NA,ms,1,PASS,No user failure message was provided,,,
,,System,Smokey_Test-Pad_DFU,pcie_pmchg_l1.1_l3,NA,10,0.11,0,NA,ms,1,PASS,No user failure message was provided,,,
,,System,Smokey_Test-Pad_DFU,pcie_pmchg_l3_l1,NA,10,0.174,0,NA,ms,1,PASS,No user failure message was provided,,,
,,System,Smokey_Test-Pad_DFU,pcie_pmchg_l1_l1.2,NA,10,0.388,0,NA,ms,1,PASS,No user failure message was provided,,,
,,System,Smokey_Test-Pad_DFU,pcie_pmchg_l1.2_l3,NA,10,0.111,0,NA,ms,1,PASS,No user failure message was provided,,,
,,System,Smokey_Test-Pad_DFU,pcie_pmchg_l3_l3,NA,10,0.112,0,NA,ms,1,PASS,No user failure message was provided,,,
,,System,Smokey_Test-Pad_DFU,pcie_pmchg_l3_l1.1,NA,10,0.351,0,NA,ms,1,PASS,No user failure message was provided,,,
,,System,Smokey_Test-Pad_DFU,pcie_pmchg_l1.1_l1,NA,10,0.176,0,NA,ms,1,PASS,No user failure message was provided,,,
,,System,Smokey_Test-Pad_DFU,pcie_pmchg_l1_l0,NA,10,0.177,0,NA,ms,1,PASS,No user failure message was provided,,,
,,System,Smokey_Test-Pad_DFU,pcie_pmchg_l0_l0,NA,10,0.177,0,NA,ms,1,PASS,No user failure message was provided,,,
,,System,Smokey_Test-Pad_DFU,pcie_pmchg_l0_l1,NA,10,0.176,0,NA,ms,1,PASS,No user failure message was provided,,,
,,System,Smokey_Test-Pad_DFU,pcie_pmchg_l1_l3,NA,10,0.112,0,NA,ms,1,PASS,No user failure message was provided,,,
,,System,Smokey_Test-Pad_DFU,entry_l0,NA,2147483647,235,-2147483648,NA,,1,PASS,No user failure message was provided,,,
,,System,Smokey_Test-Pad_DFU,entry_l1,NA,2147483647,430,-2147483648,NA,,1,PASS,No user failure message was provided,,,
,,System,Smokey_Test-Pad_DFU,entry_l11,NA,2147483647,54,-2147483648,NA,,1,PASS,No user failure message was provided,,,
,,System,Smokey_Test-Pad_DFU,entry_l12,NA,2147483647,140,-2147483648,NA,,1,PASS,No user failure message was provided,,,
,,System,Smokey_Test-Pad_DFU,time_l0,NA,2147483647,3631.887999999999,-2147483648,NA,,1,PASS,No user failure message was provided,,,
,,System,Smokey_Test-Pad_DFU,time_l1,NA,2147483647,421.7735,-2147483648,NA,,1,PASS,No user failure message was provided,,,
,,System,Smokey_Test-Pad_DFU,time_l11,NA,2147483647,454.1337499999999,-2147483648,NA,,1,PASS,No user failure message was provided,,,
,,System,Smokey_Test-Pad_DFU,time_l12,NA,2147483647,946.2094999999999,-2147483648,NA,,1,PASS,No user failure message was provided,,,
,,System,Smokey_Test-Pad_DFU,pcie_pmchg_l3_l0,NA,10,0.177,0,NA,ms,1,PASS,No user failure message was provided,,,
,,System,Smokey_Test-Pad_DFU,pcie_pmchg_l0_l3,NA,10,0.113,0,NA,ms,1,PASS,No user failure message was provided,,,
,,System,Smokey_Test-Pad_DFU,pcie_pmchg_l3_l1.2,NA,10,0.391,0,NA,ms,1,PASS,No user failure message was provided,,,
,,System,Smokey_Test-Pad_DFU,WL_Train_Time,NA,50000,12870,600,NA,us,1,PASS,No user failure message was provided,,,
,,System,Smokey_Test-Pad_DFU,pcie_pmchg_l1.x_l3,NA,10,0.115,0,NA,ms,1,PASS,No user failure message was provided,,,
,,System,Smokey_Test-Pad_DFU,BBS_BB_PCIeLS_Change_ATPUT,NA,2147483647,116.324264359209,-2147483648,NA,MBps,1,PASS,No user failure message was provided,,,
,,System,Smokey_Test-Pad_DFU,BBS_BB_TPUT_GEN1_ASPM_ATPUT,NA,250,115.8807570106368,100,NA,MBps,1,PASS,No user failure message was provided,,,
,,System,Smokey_Test-Pad_DFU,BBS_BB_TPUT_GEN1_NOPM_ATPUT,NA,NA,5.435275152199999,NA,NA,MBps,1,PASS,No user failure message was provided,,,
,,System,Smokey_Test-Pad_DFU,BBS_BB_TPUT_GEN1_ASL12_ATPUT,NA,250,115.9544398982638,100,NA,MBps,1,PASS,No user failure message was provided,,,
,,System,Smokey_Test-Pad_DFU,BBS_BB_TPUT_GEN1_ASL11_ATPUT,NA,250,115.666648281948,100,NA,MBps,1,PASS,No user failure message was provided,,,
,,System,Smokey_Test-Pad_DFU,BBS_BB_TPUT_GEN2_ASPM_ATPUT,NA,500,201.4748775098472,170,NA,MBps,1,PASS,No user failure message was provided,,,
,,System,Smokey_Test-Pad_DFU,BBS_BB_TPUT_GEN2_NOPM_ATPUT,NA,NA,5.728937368704294,NA,NA,MBps,1,PASS,No user failure message was provided,,,
,,System,Smokey_Test-Pad_DFU,BBS_BB_TPUT_GEN2_ASL12_ATPUT,NA,500,201.1077867280398,170,NA,MBps,1,PASS,No user failure message was provided,,,
,,System,Smokey_Test-Pad_DFU,BBS_BB_TPUT_GEN2_ASL11_ATPUT,NA,500,200.9921410772474,170,NA,MBps,1,PASS,No user failure message was provided,,,
,,System,Smokey_Test-Pad_DFU,BBS_BB_TPUT_GEN3_ASPM_ATPUT,NA,1000,307.4326760976324,300,NA,MBps,1,PASS,No user failure message was provided,,,
,,System,Smokey_Test-Pad_DFU,BBS_BB_TPUT_GEN3_NOPM_ATPUT,NA,NA,5.676838849826418,NA,NA,MBps,1,PASS,No user failure message was provided,,,
,,System,Smokey_Test-Pad_DFU,BBS_BB_TPUT_GEN3_ASL12_ATPUT,NA,1000,307.5453878867869,300,NA,MBps,1,PASS,No user failure message was provided,,,
,,System,Smokey_Test-Pad_DFU,BBS_BB_TPUT_GEN3_ASL11_ATPUT,NA,1000,306.623583595292,300,NA,MBps,1,PASS,No user failure message was provided,,,
,,System,Smokey_Test-Pad_DFU,BBS_BB_TPUT_GEN4_ASPM_ATPUT,NA,2000,419.3046086174147,390,NA,MBps,1,PASS,No user failure message was provided,,,
,,System,Smokey_Test-Pad_DFU,BBS_BB_TPUT_GEN4_NOPM_ATPUT,NA,NA,5.687947686607847,NA,NA,MBps,1,PASS,No user failure message was provided,,,
,,System,Smokey_Test-Pad_DFU,BBS_BB_TPUT_GEN4_ASL12_ATPUT,NA,2000,420.6081026875251,390,NA,MBps,1,PASS,No user failure message was provided,,,
,,System,Smokey_Test-Pad_DFU,BBS_BB_TPUT_GEN4_ASL11_ATPUT,NA,2000,418.7185784166916,390,NA,MBps,1,PASS,No user failure message was provided,,,
,,System,Smokey_Test-Pad_DFU,enum_cycle_warm_failureCnt,NA,2147483647,0,-2147483648,NA,,1,PASS,No user failure message was provided,,,
,,System,Smokey_Test-Pad_DFU,enum_cycle_cold_failureCnt,NA,2147483647,0,-2147483648,NA,,1,PASS,No user failure message was provided,,,
,,System,Smokey_Test-Pad_DFU,BB_Temp_AOSS,,1,1,0,,,,PASS,No user failure message was provided,,,
,,System,Smokey_Test-Pad_DFU,BB_Temp_MDM_Q6,,1,1,0,,,,PASS,No user failure message was provided,,,
,,System,Smokey_Test-Pad_DFU,BB_Temp_IPA,,1,1,0,,,,PASS,No user failure message was provided,,,
,,System,Smokey_Test-Pad_DFU,BB_Temp_CPU_A7SS,,1,1,0,,,,PASS,No user failure message was provided,,,
,,System,Smokey_Test-Pad_DFU,BB_Temp_MDM_CORE2,,1,1,0,,,,PASS,No user failure message was provided,,,
,,System,Smokey_Test-Pad_DFU,BB_Temp_MDM_CORE1,,1,1,0,,,,PASS,No user failure message was provided,,,
,,System,Smokey_Test-Pad_DFU,BB_Temp_MDM_CORE0,,1,1,0,,,,PASS,No user failure message was provided,,,
,,System,Smokey_Test-Pad_DFU,bbdfu.baseband.bbloadfw.ret,NA,0.5,0,0,NA,,1,PASS,No user failure message was provided,,,
,,System,Smokey_Test-Pad_DFU,bbdfu.baseband.bbloadfw.execTime,NA,2147483647,8.180790999999999,-2147483648,NA,s,1,PASS,No user failure message was provided,,,
,,System,Smokey_Test-Pad_DFU,bbdfu.baseband.bbreportvars.ret,NA,0.5,0,0,NA,,1,PASS,No user failure message was provided,,,
,,System,Smokey_Test-Pad_DFU,bbdfu.baseband.bbreportvars.execTime,NA,2147483647,3.587842999999999,-2147483648,NA,s,1,PASS,No user failure message was provided,,,
,,System,Smokey_Test-Pad_DFU,bbdfu.baseband.bbrffescan.ret,NA,0.5,0,0,NA,,1,PASS,No user failure message was provided,,,
,,System,Smokey_Test-Pad_DFU,bbdfu.baseband.bbrffescan.execTime,NA,2147483647,15.05339,-2147483648,NA,s,1,PASS,No user failure message was provided,,,
,,System,Smokey_Test-Pad_DFU,bbdfu.baseband.bbaudiolb.ret,NA,0.5,0,0,NA,,1,PASS,No user failure message was provided,,,
,,System,Smokey_Test-Pad_DFU,bbdfu.baseband.bbaudiolb.execTime,NA,2147483647,0.00354,-2147483648,NA,s,1,PASS,No user failure message was provided,,,
,,System,Smokey_Test-Pad_DFU,bbdfu.baseband.bbrtrans.ret,NA,0.5,0,0,NA,,1,PASS,No user failure message was provided,,,
,,System,Smokey_Test-Pad_DFU,bbdfu.baseband.bbrtrans.execTime,NA,2147483647,32.43187199999999,-2147483648,NA,s,1,PASS,No user failure message was provided,,,
,,System,Smokey_Test-Pad_DFU,bbdfu.baseband.bbvinyl.ret,NA,0.5,0,0,NA,,1,PASS,No user failure message was provided,,,
,,System,Smokey_Test-Pad_DFU,bbdfu.baseband.bbvinyl.execTime,NA,2147483647,0.003539,-2147483648,NA,s,1,PASS,No user failure message was provided,,,
,,System,Smokey_Test-Pad_DFU,bbdfu.baseband.bboscarlb.ret,NA,0.5,0,0,NA,,1,PASS,No user failure message was provided,,,
,,System,Smokey_Test-Pad_DFU,bbdfu.baseband.bboscarlb.execTime,NA,2147483647,0.003542,-2147483648,NA,s,1,PASS,No user failure message was provided,,,
,,System,Smokey_Test-Pad_DFU,bbdfu.baseband.bbhostwake.ret,NA,0.5,0,0,NA,,1,PASS,No user failure message was provided,,,
,,System,Smokey_Test-Pad_DFU,bbdfu.baseband.bbhostwake.execTime,NA,2147483647,4.146546999999999,-2147483648,NA,s,1,PASS,No user failure message was provided,,,
,,System,Smokey_Test-Pad_DFU,bbdfu.baseband.bbsim.ret,NA,0.5,0,0,NA,,1,PASS,No user failure message was provided,,,
,,System,Smokey_Test-Pad_DFU,bbdfu.baseband.bbsim.execTime,NA,2147483647,1.428242999999999,-2147483648,NA,s,1,PASS,No user failure message was provided,,,
,,System,Smokey_Test-Pad_DFU,bbdfu.baseband.bbcheckgpios.ret,NA,0.5,0,0,NA,,1,PASS,No user failure message was provided,,,
,,System,Smokey_Test-Pad_DFU,bbdfu.baseband.bbcheckgpios.execTime,NA,2147483647,4.473277999999999,-2147483648,NA,s,1,PASS,No user failure message was provided,,,
,,System,Smokey_Test-Pad_DFU,bbdfu.baseband.bbwci.ret,NA,0.5,0,0,NA,,1,PASS,No user failure message was provided,,,
,,System,Smokey_Test-Pad_DFU,bbdfu.baseband.bbwci.execTime,NA,2147483647,0.003549,-2147483648,NA,s,1,PASS,No user failure message was provided,,,
,,System,Smokey_Test-Pad_DFU,bbdfu.baseband.bbwlspmilb.ret,NA,0.5,1,0,NA,,1,FAIL,No user failure message was provided,,,
,,System,Smokey_Test-Pad_DFU,bbdfu.baseband.bbwlspmilb.execTime,NA,2147483647,106.832001,-2147483648,NA,s,1,PASS,No user failure message was provided,,,
,,System,Smokey_Test-Pad_DFU,bbdfu.baseband.bbnfc2clkreq.ret,NA,0.5,0,0,NA,,1,PASS,No user failure message was provided,,,
,,System,Smokey_Test-Pad_DFU,bbdfu.baseband.bbnfc2clkreq.execTime,NA,2147483647,3.499999999999999e-05,-2147483648,NA,s,1,PASS,No user failure message was provided,,,
,,System,Smokey_Test-Pad_DFU,bbdfu.baseband.bbwarmreset.ret,NA,0.5,0,0,NA,,1,PASS,No user failure message was provided,,,
,,System,Smokey_Test-Pad_DFU,bbdfu.baseband.bbwarmreset.execTime,NA,2147483647,11.639627,-2147483648,NA,s,1,PASS,No user failure message was provided,,,
,,System,Smokey_Test-Pad_DFU,bbdfu.baseband.bbnvrestore.ret,NA,0.5,0,0,NA,,1,PASS,No user failure message was provided,,,
,,System,Smokey_Test-Pad_DFU,bbdfu.baseband.bbnvrestore.execTime,NA,2147483647,0.003539,-2147483648,NA,s,1,PASS,No user failure message was provided,,,
,,System,Smokey_Test-Pad_DFU,bbdfu.baseband.bbpciespeedchange.ret,NA,0.5,0,0,NA,,1,PASS,No user failure message was provided,,,
,,System,Smokey_Test-Pad_DFU,bbdfu.baseband.bbpciespeedchange.execTime,NA,2147483647,11.419719,-2147483648,NA,s,1,PASS,No user failure message was provided,,,
,,System,Smokey_Test-Pad_DFU,bbdfu.baseband.bbtput.ret,NA,0.5,0,0,NA,,1,PASS,No user failure message was provided,,,
,,System,Smokey_Test-Pad_DFU,bbdfu.baseband.bbtput.execTime,NA,2147483647,5.768092,-2147483648,NA,s,1,PASS,No user failure message was provided,,,
,,System,Smokey_Test-Pad_DFU,bbdfu.baseband.bbqlink.ret,NA,0.5,0,0,NA,,1,PASS,No user failure message was provided,,,
,,System,Smokey_Test-Pad_DFU,bbdfu.baseband.bbqlink.execTime,NA,2147483647,11.095484,-2147483648,NA,s,1,PASS,No user failure message was provided,,,
,,System,Smokey_Test-Pad_DFU,bbdfu.baseband.bbtsens.ret,NA,0.5,0,0,NA,,1,PASS,No user failure message was provided,,,
,,System,Smokey_Test-Pad_DFU,bbdfu.baseband.bbtsens.execTime,NA,2147483647,1.636014,-2147483648,NA,s,1,PASS,No user failure message was provided,,,
,,System,Smokey_Test-Pad_DFU,bbdfu.cleanup.ret,NA,0.5,0,0,NA,,1,PASS,No user failure message was provided,,,
,,System,Smokey_Test-Pad_DFU,bbdfu.cleanup.execTime,NA,2147483647,0.77498,-2147483648,NA,s,1,PASS,No user failure message was provided,,,
,,System,Smokey_Test-Pad_DFU,mte.execTime,NA,2147483647,221.251406,-2147483648,NA,s,1,PASS,No user failure message was provided,,,
,,System,Smokey_Test-Pad_DFU,mte.errorCount,NA,2147483647,1,-2147483648,NA,,1,PASS,No user failure message was provided,,,
,,System,Smokey_Test-Pad_DFU,BT_FWDownload_time,NA,8000,403,10,NA,ms,1,PASS,No user failure message was provided,,,
,,System,Smokey_Test-Pad_DFU,BT_DS_ENTER,NA,NA,41510,NA,NA,us,1,PASS,No user failure message was provided,,,
,,System,Smokey_Test-Pad_DFU,BT_DS_EXIT,NA,NA,5411,NA,NA,us,1,PASS,No user failure message was provided,,,
,,System,Smokey_Test-Pad_DFU,wldfu.wlan.wlloadfw.ret,NA,0.5,1,0,NA,,1,FAIL,No user failure message was provided,,,
,,System,Smokey_Test-Pad_DFU,wldfu.wlan.wlloadfw.execTime,NA,2147483647,41.70676499999999,-2147483648,NA,s,1,PASS,No user failure message was provided,,,
,,System,Smokey_Test-Pad_DFU,wldfu.wlan.wlreportvars.ret,NA,0.5,1,0,NA,,1,FAIL,No user failure message was provided,,,
,,System,Smokey_Test-Pad_DFU,wldfu.wlan.wlreportvars.execTime,NA,2147483647,3.557434,-2147483648,NA,s,1,PASS,No user failure message was provided,,,
,,System,Smokey_Test-Pad_DFU,wldfu.wlan.wlotp.ret,NA,0.5,1,0,NA,,1,FAIL,No user failure message was provided,,,
,,System,Smokey_Test-Pad_DFU,wldfu.wlan.wlotp.execTime,NA,2147483647,3.848244,-2147483648,NA,s,1,PASS,No user failure message was provided,,,
,,System,Smokey_Test-Pad_DFU,wldfu.wlan.wlexcrc.ret,NA,0.5,1,0,NA,,1,FAIL,No user failure message was provided,,,
,,System,Smokey_Test-Pad_DFU,wldfu.wlan.wlexcrc.execTime,NA,2147483647,3.839385,-2147483648,NA,s,1,PASS,No user failure message was provided,,,
,,System,Smokey_Test-Pad_DFU,wldfu.wlan.wlrtrans.ret,NA,0.5,1,0,NA,,1,FAIL,No user failure message was provided,,,
,,System,Smokey_Test-Pad_DFU,wldfu.wlan.wlrtrans.execTime,NA,2147483647,3.848954,-2147483648,NA,s,1,PASS,No user failure message was provided,,,
,,System,Smokey_Test-Pad_DFU,wldfu.wlan.wlhostwake.ret,NA,0.5,1,0,NA,,1,FAIL,No user failure message was provided,,,
,,System,Smokey_Test-Pad_DFU,wldfu.wlan.wlhostwake.execTime,NA,2147483647,3.849488,-2147483648,NA,s,1,PASS,No user failure message was provided,,,
,,System,Smokey_Test-Pad_DFU,wldfu.wlan.wluart.ret,NA,0.5,0,0,NA,,1,PASS,No user failure message was provided,,,
,,System,Smokey_Test-Pad_DFU,wldfu.wlan.wluart.execTime,NA,2147483647,0.003553,-2147483648,NA,s,1,PASS,No user failure message was provided,,,
,,System,Smokey_Test-Pad_DFU,wldfu.wlan.wlcheckgpios.ret,NA,0.5,1,0,NA,,1,FAIL,No user failure message was provided,,,
,,System,Smokey_Test-Pad_DFU,wldfu.wlan.wlcheckgpios.execTime,NA,2147483647,3.941218,-2147483648,NA,s,1,PASS,No user failure message was provided,,,
,,System,Smokey_Test-Pad_DFU,wldfu.wlan.wlrffe.ret,NA,0.5,1,0,NA,,1,FAIL,No user failure message was provided,,,
,,System,Smokey_Test-Pad_DFU,wldfu.wlan.wlrffe.execTime,NA,2147483647,3.849205,-2147483648,NA,s,1,PASS,No user failure message was provided,,,
,,System,Smokey_Test-Pad_DFU,wldfu.bt.btloadfw.ret,NA,0.5,0,0,NA,,1,PASS,No user failure message was provided,,,
,,System,Smokey_Test-Pad_DFU,wldfu.bt.btloadfw.execTime,NA,2147483647,1.070097,-2147483648,NA,s,1,PASS,No user failure message was provided,,,
,,System,Smokey_Test-Pad_DFU,wldfu.bt.btcheckgpios.ret,NA,0.5,0,0,NA,,1,PASS,No user failure message was provided,,,
,,System,Smokey_Test-Pad_DFU,wldfu.bt.btcheckgpios.execTime,NA,2147483647,2.221468,-2147483648,NA,s,1,PASS,No user failure message was provided,,,
,,System,Smokey_Test-Pad_DFU,wldfu.bt.btrffe.ret,NA,0.5,0,0,NA,,1,PASS,No user failure message was provided,,,
,,System,Smokey_Test-Pad_DFU,wldfu.bt.btrffe.execTime,NA,2147483647,1.004355,-2147483648,NA,s,1,PASS,No user failure message was provided,,,
,,System,Smokey_Test-Pad_DFU,wldfu.bt.bthostwake.ret,NA,0.5,1,0,NA,,1,FAIL,No user failure message was provided,,,
,,System,Smokey_Test-Pad_DFU,wldfu.bt.bthostwake.execTime,NA,2147483647,6.969585,-2147483648,NA,s,1,PASS,No user failure message was provided,,,
,,System,Smokey_Test-Pad_DFU,wldfu.bt.btaudiolb.ret,NA,0.5,0,0,NA,,1,PASS,No user failure message was provided,,,
,,System,Smokey_Test-Pad_DFU,wldfu.bt.btaudiolb.execTime,NA,2147483647,0.008548,-2147483648,NA,s,1,PASS,No user failure message was provided,,,
,,System,Smokey_Test-Pad_DFU,wldfu.bt.btds.ret,NA,0.5,0,0,NA,,1,PASS,No user failure message was provided,,,
,,System,Smokey_Test-Pad_DFU,wldfu.bt.btds.execTime,NA,2147483647,1.4e-05,-2147483648,NA,s,1,PASS,No user failure message was provided,,,
,,System,Smokey_Test-Pad_DFU,wldfu.bt.btreportvars.ret,NA,0.5,1,0,NA,,1,FAIL,No user failure message was provided,,,
,,System,Smokey_Test-Pad_DFU,wldfu.bt.btreportvars.execTime,NA,2147483647,1.724143999999999,-2147483648,NA,s,1,PASS,No user failure message was provided,,,
,,System,Smokey_Test-Pad_DFU,wldfu.bt.btspmi.ret,NA,0.5,1,0,NA,,1,FAIL,No user failure message was provided,,,
,,System,Smokey_Test-Pad_DFU,wldfu.bt.btspmi.execTime,NA,2147483647,3.673357999999999,-2147483648,NA,s,1,PASS,No user failure message was provided,,,
,,System,Smokey_Test-Pad_DFU,wldfu.cleanup.ret,NA,0.5,0,0,NA,,1,PASS,No user failure message was provided,,,
,,System,Smokey_Test-Pad_DFU,wldfu.cleanup.execTime,NA,2147483647,0.485384,-2147483648,NA,s,1,PASS,No user failure message was provided,,,
,,System,Smokey_Test-Pad_DFU,NFC_CLK_SRC,NA,2147483647,1,-2147483648,NA,,1,PASS,No user failure message was provided,,,
,,System,Smokey_Test-Pad_DFU,NFC_CLK_SRC_LOCK_Status,NA,2147483647,1,-2147483648,NA,,1,PASS,No user failure message was provided,,,
,,System,Smokey_Test-Pad_DFU,BT_Train_Time,NA,50000,12870,600,NA,us,1,PASS,No user failure message was provided,,,
,,System,Smokey_Test-Pad_DFU,shdfu.selectnfcp.ret,NA,0.5,0,0,NA,,1,PASS,No user failure message was provided,,,
,,System,Smokey_Test-Pad_DFU,shdfu.selectnfcp.execTime,NA,2147483647,0.034243,-2147483648,NA,s,1,PASS,No user failure message was provided,,,
,,System,Smokey_Test-Pad_DFU,shdfu.shflashintegrity.ret,NA,0.5,0,0,NA,,1,PASS,No user failure message was provided,,,
,,System,Smokey_Test-Pad_DFU,shdfu.shflashintegrity.execTime,NA,2147483647,0.3753059999999999,-2147483648,NA,s,1,PASS,No user failure message was provided,,,
,,System,Smokey_Test-Pad_DFU,shdfu.shinternalclk.ret,NA,0.5,0,0,NA,,1,PASS,No user failure message was provided,,,
,,System,Smokey_Test-Pad_DFU,shdfu.shinternalclk.execTime,NA,2147483647,3.008995,-2147483648,NA,s,1,PASS,No user failure message was provided,,,
,,System,Smokey_Test-Pad_DFU,shdfu.sh.shon.ret,NA,0.5,0,0,NA,,1,PASS,No user failure message was provided,,,
,,System,Smokey_Test-Pad_DFU,shdfu.sh.shon.execTime,NA,2147483647,1.823814,-2147483648,NA,s,1,PASS,No user failure message was provided,,,
,,System,Smokey_Test-Pad_DFU,shdfu.sh.shloadfw.ret,NA,0.5,0,0,NA,,1,PASS,No user failure message was provided,,,
,,System,Smokey_Test-Pad_DFU,shdfu.sh.shloadfw.execTime,NA,2147483647,4.392665,-2147483648,NA,s,1,PASS,No user failure message was provided,,,
,,System,Smokey_Test-Pad_DFU,shdfu.sh.shhostwake.ret,NA,0.5,0,0,NA,,1,PASS,No user failure message was provided,,,
,,System,Smokey_Test-Pad_DFU,shdfu.sh.shhostwake.execTime,NA,2147483647,7.028897999999999,-2147483648,NA,s,1,PASS,No user failure message was provided,,,
,,System,Smokey_Test-Pad_DFU,shdfu.sh.se.seping.ret,NA,0.5,0,0,NA,,1,PASS,No user failure message was provided,,,
,,System,Smokey_Test-Pad_DFU,shdfu.sh.se.seping.execTime,NA,2147483647,11.22082299999999,-2147483648,NA,s,1,PASS,No user failure message was provided,,,
,,System,Smokey_Test-Pad_DFU,shdfu.sh.se.conn_se_bt_pktrdy.ret,NA,0.5,0,0,NA,,1,PASS,No user failure message was provided,,,
,,System,Smokey_Test-Pad_DFU,shdfu.sh.se.conn_se_bt_pktrdy.execTime,NA,2147483647,0.003537,-2147483648,NA,s,1,PASS,No user failure message was provided,,,
,,System,Smokey_Test-Pad_DFU,shdfu.sh.sepostdumpaclog.ret,NA,0.5,0,0,NA,,1,PASS,No user failure message was provided,,,
,,System,Smokey_Test-Pad_DFU,shdfu.sh.sepostdumpaclog.execTime,NA,2147483647,9.181668999999999,-2147483648,NA,s,1,PASS,No user failure message was provided,,,
,,System,Smokey_Test-Pad_DFU,shdfu.sh.nfc2.selectnfcf.ret,NA,0.5,0,0,NA,,1,PASS,No user failure message was provided,,,
,,System,Smokey_Test-Pad_DFU,shdfu.sh.nfc2.selectnfcf.execTime,NA,2147483647,0.003536,-2147483648,NA,s,1,PASS,No user failure message was provided,,,
,,System,Smokey_Test-Pad_DFU,shdfu.sh.nfc2.nfc2flashintegrity.ret,NA,0.5,0,0,NA,,1,PASS,No user failure message was provided,,,
,,System,Smokey_Test-Pad_DFU,shdfu.sh.nfc2.nfc2flashintegrity.execTime,NA,2147483647,0.003527,-2147483648,NA,s,1,PASS,No user failure message was provided,,,
,,System,Smokey_Test-Pad_DFU,shdfu.sh.nfc2.selectnfcp_post_nfc2.ret,NA,0.5,0,0,NA,,1,PASS,No user failure message was provided,,,
,,System,Smokey_Test-Pad_DFU,shdfu.sh.nfc2.selectnfcp_post_nfc2.execTime,NA,2147483647,0.003526,-2147483648,NA,s,1,PASS,No user failure message was provided,,,
,,System,Smokey_Test-Pad_DFU,shdfu.sh.shscleanup.ret,NA,0.5,0,0,NA,,1,PASS,No user failure message was provided,,,
,,System,Smokey_Test-Pad_DFU,shdfu.sh.shscleanup.execTime,NA,2147483647,1.119461999999999,-2147483648,NA,s,1,PASS,No user failure message was provided,,,
,,System,Smokey_Test-Pad_DFU,shdfu.spmitest.spmiheb.ret,NA,0.5,0,0,NA,,1,PASS,No user failure message was provided,,,
,,System,Smokey_Test-Pad_DFU,shdfu.spmitest.spmiheb.execTime,NA,2147483647,5.578630999999999,-2147483648,NA,s,1,PASS,No user failure message was provided,,,
,,System,Smokey_Test-Pad_DFU,shdfu.cleanup.ret,NA,0.5,0,0,NA,,1,PASS,No user failure message was provided,,,
,,System,Smokey_Test-Pad_DFU,shdfu.cleanup.execTime,NA,2147483647,0.48531,-2147483648,NA,s,1,PASS,No user failure message was provided,,,
,,System,Smokey_Test-Pad_DFU,uwbdfu.uwb.uwbreportvars.ret,NA,0.5,0,0,NA,,1,PASS,No user failure message was provided,,,
,,System,Smokey_Test-Pad_DFU,uwbdfu.uwb.uwbreportvars.execTime,NA,2147483647,0.003538,-2147483648,NA,s,1,PASS,No user failure message was provided,,,
,,System,Smokey_Test-Pad_DFU,uwbdfu.spmitest.spmiidc.ret,NA,0.5,1,0,NA,,1,FAIL,No user failure message was provided,,,
,,System,Smokey_Test-Pad_DFU,uwbdfu.spmitest.spmiidc.execTime,NA,2147483647,66.057922,-2147483648,NA,s,1,PASS,No user failure message was provided,,,
,,System,Smokey_Test-Pad_DFU,uwbdfu.cleanup.ret,NA,0.5,0,0,NA,,1,PASS,No user failure message was provided,,,
,,System,Smokey_Test-Pad_DFU,uwbdfu.cleanup.execTime,NA,2147483647,0.31745,-2147483648,NA,s,1,PASS,No user failure message was provided,,,
,,System,Smokey_Test-Pad_DFU,Smokey_Hang_Check,,1,1,0,,,,PASS,No user failure message was provided,,,
,,System,Smokey_Test-Pad_DFU,Smokey_result,,1,0,0,,,,FAIL,No user failure message was provided,,,
,,System,Syscfg_Check-RFEM_sanity_check,RFEM_read,,1,1,0,,,,PASS,No user failure message was provided,,,
,,System,Syscfg_Check-RFEM_sanity_check,RFEM_print,,1,1,0,,,,PASS,No user failure message was provided,,,
RFEMKey,01000000000000004D55520000000000534B590000000000,,,,,,,,,,,,,,,
,,System,Syscfg_Check-RFEM_sanity_check,Readback_compare,,1,0,0,,,,FAIL,No user failure message was provided,,,
,,System,Syscfg_Check-RFEM_sanity_check,Length,NA,24,24,24,NA,,1,PASS,No user failure message was provided,,,
,,System,Syscfg_Check-RFEM_sanity_check,Version,,1,1,0,,,,PASS,No user failure message was provided,,,
,,System,Syscfg_Check-RFEM_sanity_check,Expected_value,,1,1,0,,,,PASS,No user failure message was provided,,,
,,System,Syscfg_Check-RFEM_sanity_check,RFEM_Compare,,1,1,0,,,,PASS,No user failure message was provided,,,
,,System,Syscfg_Check-WSKU_sanity_check,WSKU_read,,1,1,0,,,,PASS,No user failure message was provided,,,
,,System,Syscfg_Check-WSKU_sanity_check,WSKU_print,,1,1,0,,,,PASS,No user failure message was provided,,,
WSKUKey,0x00000001 0x00000000 0x00005757 0x00000000,,,,,,,,,,,,,,,
,,System,Syscfg_Check-WSKU_sanity_check,Length,NA,16,16,16,NA,,1,PASS,No user failure message was provided,,,
,,System,Syscfg_Check-WSKU_sanity_check,Version,,1,1,0,,,,PASS,No user failure message was provided,,,
,,System,Syscfg_Check-WSKU_sanity_check,Expected_value,,1,1,0,,,,PASS,No user failure message was provided,,,
,,System,Syscfg_Check-WSKU_sanity_check,WSKU_Compare,,1,1,0,,,,PASS,No user failure message was provided,,,
,,PCIE,Smokey_PCIe_EYE,Smokey_PCIe_Run,,1,1,0,,,,PASS,No user failure message was provided,,,
,,PCIE,Smokey_PCIe_EYE_BB,BBEye_Width,NA,NA,55,NA,NA,,1,PASS,No user failure message was provided,,,
,,PCIE,Smokey_PCIe_EYE_BB,BBi_Width,NA,NA,55,NA,NA,,1,PASS,No user failure message was provided,,,
,,PCIE,Smokey_PCIe_EYE_BB,BBEye_Height,NA,NA,64,NA,NA,,1,PASS,No user failure message was provided,,,
,,PCIE,Smokey_PCIe_EYE_BB,BBi_Height,NA,NA,64,NA,NA,,1,PASS,No user failure message was provided,,,
,,PCIE,Smokey_PCIe_EYE_BB,BB_Vertical_Opening,NA,700,577.0240000000001,120,NA,mV,1,PASS,No user failure message was provided,,,
,,PCIE,Smokey_PCIe_EYE_BB,BB_Horizontal_Opening,NA,1,0.859375,0.32,NA,uI,1,PASS,No user failure message was provided,,,
,,PCIE,Smokey_PCIe_EYE_WiFi,WIFIEye_Width,NA,NA,47,NA,NA,,1,PASS,No user failure message was provided,,,
,,PCIE,Smokey_PCIe_EYE_WiFi,WIFIi_Width,NA,NA,47,NA,NA,,1,PASS,No user failure message was provided,,,
,,PCIE,Smokey_PCIe_EYE_WiFi,WIFIEye_Height,NA,NA,64,NA,NA,,1,PASS,No user failure message was provided,,,
,,PCIE,Smokey_PCIe_EYE_WiFi,WIFIi_Height,NA,NA,64,NA,NA,,1,PASS,No user failure message was provided,,,
,,PCIE,Smokey_PCIe_EYE_WiFi,WIFI_Vertical_Opening,NA,700,577.0240000000001,120,NA,mV,1,PASS,No user failure message was provided,,,
,,PCIE,Smokey_PCIe_EYE_WiFi,WIFI_Horizontal_Opening,NA,1,0.734375,0.32,NA,uI,1,PASS,No user failure message was provided,,,
,,PCIE,Smokey_PCIe_EYE_Nand_AP,S5EtoAP_Eye_Width,NA,NA,50,NA,NA,,1,PASS,No user failure message was provided,,,
,,PCIE,Smokey_PCIe_EYE_Nand_AP,S5EtoAP_i_Width,NA,NA,50,NA,NA,,1,PASS,No user failure message was provided,,,
,,PCIE,Smokey_PCIe_EYE_Nand_AP,S5EtoAP_Eye_Height,NA,NA,64,NA,NA,,1,PASS,No user failure message was provided,,,
,,PCIE,Smokey_PCIe_EYE_Nand_AP,S5EtoAP_i_Height,NA,NA,64,NA,NA,,1,PASS,No user failure message was provided,,,
,,PCIE,Smokey_PCIe_EYE_Nand_AP,S5EtoAP_Vertical_Opening,NA,700,577.0240000000001,15,NA,mV,1,PASS,No user failure message was provided,,,
,,PCIE,Smokey_PCIe_EYE_Nand_AP,S5EtoAP_Horizontal_Opening,NA,1,0.78125,0.3,NA,uI,1,PASS,No user failure message was provided,,,
,,PCIE,Smokey_PCIe_EYE_Nand_S5E,APtoS5E_Eye_Width,NA,NA,51,NA,NA,,1,PASS,No user failure message was provided,,,
,,PCIE,Smokey_PCIe_EYE_Nand_S5E,APtoS5E_i_Width,NA,NA,51,NA,NA,,1,PASS,No user failure message was provided,,,
,,PCIE,Smokey_PCIe_EYE_Nand_S5E,APtoS5E_Eye_Height,NA,NA,59,NA,NA,,1,PASS,No user failure message was provided,,,
,,PCIE,Smokey_PCIe_EYE_Nand_S5E,APtoS5E_i_Height,NA,NA,59,NA,NA,,1,PASS,No user failure message was provided,,,
,,PCIE,Smokey_PCIe_EYE_Nand_S5E,APtoS5E_Vertical_Opening,NA,700,531.944,15,NA,mV,1,PASS,No user failure message was provided,,,
,,PCIE,Smokey_PCIe_EYE_Nand_S5E,APtoS5E_Horizontal_Opening,NA,1,0.796875,0.3,NA,uI,1,PASS,No user failure message was provided,,,
,,PCIE,Smokey_PCIE,PCIE_Hang_Check,,1,1,0,,,,PASS,No user failure message was provided,,,
,,PCIE,Smokey_PCIe_EYE,Smokey_PCIe_Run_Sec,,1,1,0,,,,PASS,No user failure message was provided,,,
,,PCIE,Smokey_PCIe_EYE_FL1100,FL1100Eye_Width,NA,NA,52,NA,NA,,1,PASS,No user failure message was provided,,,
,,PCIE,Smokey_PCIe_EYE_FL1100,FL1100i_Width,NA,NA,52,NA,NA,,1,PASS,No user failure message was provided,,,
,,PCIE,Smokey_PCIe_EYE_FL1100,FL1100Eye_Height,NA,NA,64,NA,NA,,1,PASS,No user failure message was provided,,,
,,PCIE,Smokey_PCIe_EYE_FL1100,FL1100i_Height,NA,NA,64,NA,NA,,1,PASS,No user failure message was provided,,,
,,PCIE,Smokey_PCIe_EYE_FL1100,FL1100_Vertical_Opening,NA,700,577.0240000000001,120,NA,mV,1,PASS,No user failure message was provided,,,
,,PCIE,Smokey_PCIe_EYE_FL1100,FL1100_Horizontal_Opening,NA,1,0.8125,0.32,NA,uI,1,PASS,No user failure message was provided,,,
,,PCIE,Smokey_PCIe_EYE_FL1100,BT_OFF,,1,1,0,,,,PASS,No user failure message was provided,,,
,,PCIE,Smokey_PCIe_EYE_FL1100,WIFI_OFF,,1,1,0,,,,PASS,No user failure message was provided,,,
,,PCIE,Smokey_PCIe_EYE_FL1100,SH_OFF,,1,1,0,,,,PASS,No user failure message was provided,,,
,,Dimension,LOAD,USB_SOC_Connected_DMN,,1,1,0,,,,PASS,No user failure message was provided,,,
,,Dimension,LOAD,LOAD CORE 1,,1,1,0,,,,PASS,No user failure message was provided,,,
,,Dimension,LOAD,DELAY_1000MS,,1,1,0,,,,PASS,No user failure message was provided,,,
,,Dimension,LOAD,START CORE 1,,1,1,0,,,,PASS,No user failure message was provided,,,
,,Dimension,LOAD,PICK CORE 1,,1,1,0,,,,PASS,No user failure message was provided,,,
,,Dimension,LOAD,ENABLE PORT 1,,1,1,0,,,,PASS,No user failure message was provided,,,
,,Dimension,Connect,CONNECT PORT 1,,1,1,0,,,,PASS,No user failure message was provided,,,
,,Accelerometer,Sensor_Vendor,read_vendor,,1,1,0,,,,PASS,No user failure message was provided,,,
Accel_vendor,Bosch,,,,,,,,,,,,,,,
,,Accelerometer,Sensor_Vendor,accel_vendor,,1,1,0,,,,PASS,No user failure message was provided,,,
Gyro_vendor,Bosch,,,,,,,,,,,,,,,
,,Accelerometer,Sensor_Vendor,gyro_vendor,,1,1,0,,,,PASS,No user failure message was provided,,,
Inertial_Type,Bosch BMI282AA,,,,,,,,,,,,,,,
,,Accelerometer,Type,inertial_type,,1,1,0,,,,PASS,No user failure message was provided,,,
,,Accelerometer,Interrupt_Line_Conn_Test,accel_connectivity,,1,1,0,,,,PASS,No user failure message was provided,,,
,,Accelerometer,Accel_Only_Test,accel_only_test,,1,1,0,,,,PASS,No user failure message was provided,,,
,,Accelerometer,Auto_Selftest,accel_selftest,,1,1,0,,,,PASS,No user failure message was provided,,,
,,Accelerometer,Accel_Only_Test,accel_only_test_sec,,1,1,0,,,,PASS,No user failure message was provided,,,
,,Accelerometer,AVG-FS8g_ODR100HZ_Zup,accel_only_average_x,NA,0.118,-0.014707,-0.118,NA,g,1,PASS,No user failure message was provided,,,
,,Accelerometer,AVG-FS8g_ODR100HZ_Zup,accel_only_average_y,NA,0.118,-0.012055,-0.118,NA,g,1,PASS,No user failure message was provided,,,
,,Accelerometer,AVG-FS8g_ODR100HZ_Zup,accel_only_average_z,NA,1.1,0.98294,0.9,NA,g,1,PASS,No user failure message was provided,,,
,,Accelerometer,STD-FS8g_ODR100HZ_Zup,accel_only_std_x,NA,0.05,0.001086,1e-05,NA,g-rms,1,PASS,No user failure message was provided,,,
,,Accelerometer,STD-FS8g_ODR100HZ_Zup,accel_only_std_y,NA,0.05,0.001074,1e-05,NA,g-rms,1,PASS,No user failure message was provided,,,
,,Accelerometer,STD-FS8g_ODR100HZ_Zup,accel_only_std_z,NA,0.05,0.001958,1e-05,NA,g-rms,1,PASS,No user failure message was provided,,,
,,Accelerometer,ODR-FS8g_ODR100HZ,accel_only_odr,NA,110,100.515771,90,NA,Hz,1,PASS,No user failure message was provided,,,
,,Nand,General_Info,NANDUID,,1,1,0,,,,PASS,No user failure message was provided,,,
NANDUID_MSP0_CH0_Die0,98 0C 27 13 10 19 45 50 30 16 10 18 13 07 0A 14 ,,,,,,,,,,,,,,,
,,Nand,General_Info,MSP0_CH0_Die0,,1,1,0,,,,PASS,No user failure message was provided,,,
NAND_Total_Controller_Count,1,,,,,,,,,,,,,,,
,,Nand,General_Info,NAND_Total_Controller_Count,,1,1,0,,,,PASS,No user failure message was provided,,,
NAND_Total_Die_Count,1,,,,,,,,,,,,,,,
,,Nand,General_Info,NAND_Total_Die_Count,,1,1,0,,,,PASS,No user failure message was provided,,,
,,Nand,General_Info,NAND_CSID,,1,1,0,,,,PASS,No user failure message was provided,,,
NAND_CS,00000000000000000000000000000001000000000000000000000000000000010000000000000000000000000000000100000000000000000000000000000001 = 0x0001 = 1,,,,,,,,,,,,,,,
,,Nand,General_Info,NAND_CS,,1,1,0,,,,PASS,No user failure message was provided,,,
NAND_ID,0x0000E47603983E98,,,,,,,,,,,,,,,
,,Nand,General_Info,NAND_ID,,1,1,0,,,,PASS,No user failure message was provided,,,
FCE0,0x0000E47603983E98,,,,,,,,,,,,,,,
,,Nand,General_Info,FCE00,,1,1,0,,,,PASS,No user failure message was provided,,,
NAND_VENDOR,Toshiba,,,,,,,,,,,,,,,
,,Nand,General_Info,NAND_VENDOR,,1,1,0,,,,PASS,No user failure message was provided,,,
NAND_Capacity,64GB,,,,,,,,,,,,,,,
,,Nand,General_Info,NAND_Capacity,,1,1,0,,,,PASS,No user failure message was provided,,,
NAND_Die_Name,tlc_3d_g5_2p_512,,,,,,,,,,,,,,,
,,Nand,General_Info,NAND_Die_Name,,1,1,0,,,,PASS,No user failure message was provided,,,
NAND_Controller_UID,0ba0102b21ac2014,,,,,,,,,,,,,,,
,,Nand,General_Info,NAND_Controller_UID,,1,1,0,,,,PASS,No user failure message was provided,,,
NAND_TYPE,S5E,,,,,,,,,,,,,,,
,,Nand,General_Info,NAND_TYPE,,1,1,0,,,,PASS,No user failure message was provided,,,
NAND_Cell_Type,TLC,,,,,,,,,,,,,,,
,,Nand,General_Info,NAND_Cell_Type,,1,1,0,,,,PASS,No user failure message was provided,,,
NAND_Model_Number,APPLE SSD AP0064Z                       ,,,,,,,,,,,,,,,
,,Nand,General_Info,NAND_Model_Number,,1,1,0,,,,PASS,No user failure message was provided,,,
NAND_FW_Revision,203.0.0.,,,,,,,,,,,,,,,
,,Nand,General_Info,NAND_FW_Revision,,1,1,0,,,,PASS,No user failure message was provided,,,
MSP_Revision,3.11.1.0.0.0,,,,,,,,,,,,,,,
,,Nand,General_Info,NAND_MSP_Revision,,1,1,0,,,,PASS,No user failure message was provided,,,
NAND_SIZE,64GB,,,,,,,,,,,,,,,
,,Nand,General_Info,NAND_SIZE,,1,1,0,,,,PASS,No user failure message was provided,,,
,,Nand,General_Info,EEEE_CODE_Compare,,1,1,0,,,,PASS,No user failure message was provided,,,
,,Nand,GBB_Test,NAND_DEBUG_TEST_BEGIN,,1,1,0,,,,PASS,No user failure message was provided,,,
,,Gyro,Initial,gyro_init_normal,,1,1,0,,,,PASS,No user failure message was provided,,,
,,Gyro,Gyro_Normal_Test,accel_gyro_normal_test,,1,1,0,,,,PASS,No user failure message was provided,,,
Gyro_Manu_id,0x00E4,,,,,,,,,,,,,,,
,,Gyro,Type,inertial_manu_id,,1,1,0,,,,PASS,No user failure message was provided,,,
Gyro_Rev_id,0x10,,,,,,,,,,,,,,,
,,Gyro,ID_Registers,inertial_rev_id,,1,1,0,,,,PASS,No user failure message was provided,,,
Gyro_Chip_id,0x0C,,,,,,,,,,,,,,,
,,Gyro,ID_Registers,inertial_chip_id,,1,1,0,,,,PASS,No user failure message was provided,,,
Gyro_Mems_id,0x000000000000,,,,,,,,,,,,,,,
,,Gyro,ID_Registers,mems_id,,1,1,0,,,,PASS,No user failure message was provided,,,
Gyro_ASIC_id,0x3D35EA843745,,,,,,,,,,,,,,,
,,Gyro,ID_Registers,asic_id,,1,1,0,,,,PASS,No user failure message was provided,,,
,,Gyro,Interrupt_Line_Conn_Test,gyro_connectivity,,1,1,0,,,,PASS,No user failure message was provided,,,
,,Accelerometer,Initial,accel_init_normal,,1,1,0,,,,PASS,No user failure message was provided,,,
,,Gyro,Auto_Selftest,gyro_selftest,,1,1,0,,,,PASS,No user failure message was provided,,,
,,Accelerometer,AVG-FS8g_ODR200HZ_Zup,accel_normal_average_x,NA,0.118,-0.014568,-0.118,NA,g,1,PASS,No user failure message was provided,,,
,,Accelerometer,AVG-FS8g_ODR200HZ_Zup,accel_normal_average_y,NA,0.118,-0.012197,-0.118,NA,g,1,PASS,No user failure message was provided,,,
,,Accelerometer,AVG-FS8g_ODR200HZ_Zup,accel_normal_average_z,NA,1.1,0.982884,0.9,NA,g,1,PASS,No user failure message was provided,,,
,,Accelerometer,STD-FS8g_ODR200HZ_Zup,accel_normal_std_x,NA,0.05,0.00164,1e-05,NA,g-rms,1,PASS,No user failure message was provided,,,
,,Accelerometer,STD-FS8g_ODR200HZ_Zup,accel_normal_std_y,NA,0.05,0.000848,1e-05,NA,g-rms,1,PASS,No user failure message was provided,,,
,,Accelerometer,STD-FS8g_ODR200HZ_Zup,accel_normal_std_z,NA,0.05,0.002003,1e-05,NA,g-rms,1,PASS,No user failure message was provided,,,
,,Accelerometer,ODR-FS8g_ODR200HZ_Zup,accel_normal_odr,NA,220,201.031964,180,NA,Hz,1,PASS,No user failure message was provided,,,
,,Gyro,AVG-FS2000dps_ODR200HZ,gyro_normal_average_x,NA,25,-0.031424,-25,NA,dps,1,PASS,No user failure message was provided,,,
,,Gyro,AVG-FS2000dps_ODR200HZ,gyro_normal_average_y,NA,25,-0.287046,-25,NA,dps,1,PASS,No user failure message was provided,,,
,,Gyro,AVG-FS2000dps_ODR200HZ,gyro_normal_average_z,NA,25,-0.428456,-25,NA,dps,1,PASS,No user failure message was provided,,,
,,Gyro,Temperature-FS2000dps_ODR200HZ,gyro_normal_temp,NA,45,36.697854,3,NA,oC,1,PASS,No user failure message was provided,,,
,,Gyro,STD-FS2000dps_ODR200HZ,gyro_normal_std_x,NA,1,0.08354300000000001,1e-05,NA,dps-rms,1,PASS,No user failure message was provided,,,
,,Gyro,STD-FS2000dps_ODR200HZ,gyro_normal_std_y,NA,1,0.110841,1e-05,NA,dps-rms,1,PASS,No user failure message was provided,,,
,,Gyro,STD-FS2000dps_ODR200HZ,gyro_normal_std_z,NA,1,0.084147,1e-05,NA,dps-rms,1,PASS,No user failure message was provided,,,
,,Gyro,ODR-FS2000dps_ODR200HZ,gyro_normal_odr,NA,220,201.031147,180,NA,Hz,1,PASS,No user failure message was provided,,,
,,PressureSensor,Phosphorus_Test,phosphorus_test,,1,1,0,,,,PASS,No user failure message was provided,,,
,,PressureSensor,Infor,PR_Mfg_ID,NA,228,228,228,NA,,1,PASS,No user failure message was provided,,,
,,PressureSensor,Infor,PR_Chip_ID,NA,40,40,40,NA,,1,PASS,No user failure message was provided,,,
,,PressureSensor,Infor,PR_Rev_ID,NA,0,0,0,NA,,1,PASS,No user failure message was provided,,,
,,PressureSensor,Infor,PR_Trim_Version,NA,1,1,1,NA,,1,PASS,No user failure message was provided,,,
,,PressureSensor,AVG-Sample1000ms,PR_Pressure_Average,NA,105,100.70858,90,NA,kPa,1,PASS,No user failure message was provided,,,
,,PressureSensor,STD-Sample1000ms,PR_Pressure_Std,NA,5,2.075,0.01,NA,Pa,1,PASS,No user failure message was provided,,,
,,PressureSensor,ODR-Sample1000ms,PR_Pressure_ODR,NA,30,24.953943,20,NA,Hz,1,PASS,No user failure message was provided,,,
,,PressureSensor,TEMP_AVG-Sample1000ms,PR_Temperature_Average,NA,45,32.508001,15,NA,oC,1,PASS,No user failure message was provided,,,
,,PressureSensor,TEMP_STD-Sample1000ms,PR_Temperature_Std,NA,0.2,0.015746,0,NA,oC,1,PASS,No user failure message was provided,,,
,,WiFi,Firmware_Load-Diags,WIFI_ON,,1,1,0,,,,PASS,No user failure message was provided,,,
,,WiFi,Firmware_Load-Diags,WIFI_Load_Firmware,,1,1,0,,,,PASS,No user failure message was provided,,,
WIFI_MODULE,1.1   V=u,,,,,,,,,,,,,,,
,,WiFi,Firmware_Load-Diags,WIFI_Module_Version,,1,1,0,,,,PASS,No user failure message was provided,,,
WIFI_FIRMWARE,RAMBUTANB_20_10_745_7.bin,,,,,,,,,,,,,,,
,,WiFi,Firmware_Load-Diags,WIFI_Firmware_Version,,1,1,0,,,,PASS,No user failure message was provided,,,
WIFI_NVRAM,bcm94387PeroniUSIMK_RB_20_10_745_7.nvm,,,,,,,,,,,,,,,
,,WiFi,Firmware_Load-Diags,WIFI_Nvram,,1,1,0,,,,PASS,No user failure message was provided,,,
,,WiFi,Firmware_Load-Diags,WIFI_OTP,,1,1,0,,,,PASS,No user failure message was provided,,,
,,BT,Firmware_Load-Diags,BT_ON,,1,1,0,,,,PASS,No user failure message was provided,,,
,,BT,Firmware_Load-Diags,BT_Load_Firmware,,1,1,0,,,,PASS,No user failure message was provided,,,
BT_FIRMWARE,BCM4387C2_19.1.289.2193_PCIE_RambutanB_CLPC_MFG_USI_20210305.bin,,,,,,,,,,,,,,,
,,BT,Firmware_Load-Diags,BT_Firmware_Version,,1,1,0,,,,PASS,No user failure message was provided,,,
,,BT,Firmware_Load-Diags,BT_OFF,,1,1,0,,,,PASS,No user failure message was provided,,,
,,WiFi,Firmware_Load-End,WIFI_OFF,,1,1,0,,,,PASS,No user failure message was provided,,,
,,NFC,Stockholm-General_Test,SH_ON,,1,1,0,,,,PASS,No user failure message was provided,,,
,,NFC,Stockholm-General_Test,DELAY_2000MS,,1,1,0,,,,PASS,No user failure message was provided,,,
,,NFC,Stockholm-General_Test,SH_INIT,,1,1,0,,,,PASS,No user failure message was provided,,,
,,NFC,Stockholm-General_Test,SH_Load_Firmware,,1,1,0,,,,PASS,No user failure message was provided,,,
SH_FIRMWARE,0xB20201E5,,,,,,,,,,,,,,,
,,NFC,Stockholm-General_Test,SH_Firmware_Version,,1,1,0,,,,PASS,No user failure message was provided,,,
,,NFC,Stockholm-General_Test,SH_Loopback_20,,1,1,0,,,,PASS,No user failure message was provided,,,
,,NFC,Stockholm-General_Test,SH_OFF,,1,1,0,,,,PASS,No user failure message was provided,,,
,,Grape,Shorts_Test-Initial,Grape_Safe_Mode,,1,1,0,,,,PASS,No user failure message was provided,,,
,,Grape,Shorts_Test-Initial,TouchShortsTest,,1,1,0,,,,PASS,No user failure message was provided,,,
,,Grape,Firmware_Load-Diags,Grape_On,,1,1,0,,,,PASS,No user failure message was provided,,,
,,Grape,Firmware_Load-Diags,Grape_Load_Firmware,,1,1,0,,,,PASS,No user failure message was provided,,,
TOUCH_FIRMWARE,0x510,,,,,,,,,,,,,,,
,,Grape,Firmware_Load-Diags,Grape_Firmware_Version,,1,1,0,,,,PASS,No user failure message was provided,,,
,,Grape,Firmware_Load-Diags,Grape_Off,,1,1,0,,,,PASS,No user failure message was provided,,,
,,Speaker,AMP_Initial-Reset,Audio_reset_1,,1,1,0,,,,PASS,No user failure message was provided,,,
,,Speaker,AMP_Initial-Reset,DELAY_1000MS_1,,1,1,0,,,,PASS,No user failure message was provided,,,
,,Speaker,AMP_Initial-Reset,Audio_reset_2,,1,1,0,,,,PASS,No user failure message was provided,,,
,,Speaker,AMP_Initial-Reset,DELAY_1000MS_2,,1,1,0,,,,PASS,No user failure message was provided,,,
,,Speaker,AMP_Initial-Reset,Audio_reset_3,,1,1,0,,,,PASS,No user failure message was provided,,,
,,Speaker,AMP_Initial-Reset,DELAY_1000MS_3,,1,1,0,,,,PASS,No user failure message was provided,,,
,,Speaker,AMP_Initial-Reset,Audio_turnoff_1,,1,1,0,,,,PASS,No user failure message was provided,,,
,,Speaker,AMP_Initial-Reset,DELAY_1000MS_4,,1,1,0,,,,PASS,No user failure message was provided,,,
,,Speaker,AMP_Initial-Reset,Audio_reset_4,,1,1,0,,,,PASS,No user failure message was provided,,,
,,Speaker,AMP_Initial-Reset,DELAY_1000MS_5,,1,1,0,,,,PASS,No user failure message was provided,,,
,,Speaker,AMP_Initial-Reset,Audio_reset_5,,1,1,0,,,,PASS,No user failure message was provided,,,
,,Speaker,AMP_Initial-Reset,DELAY_1000MS_6,,1,1,0,,,,PASS,No user failure message was provided,,,
,,Speaker,AMP_Initial-Reset,Audio_reset_6,,1,1,0,,,,PASS,No user failure message was provided,,,
,,Speaker,AMP_Initial-Reset,DELAY_1000MS_7,,1,1,0,,,,PASS,No user failure message was provided,,,
,,Speaker,AMP_Initial-Reset,Audio_turnoff_2,,1,1,0,,,,PASS,No user failure message was provided,,,
,,Speaker,AMP_Initial-Reset,DELAY_1000MS_8,,1,1,0,,,,PASS,No user failure message was provided,,,
,,Baseband,Firmware_Load-Diags,BB_Load_Firmware,,1,1,0,,,,PASS,No user failure message was provided,,,
,,Baseband,Firmware_Load-Diags,BB_Time,NA,NA,5377,NA,NA,,1,PASS,No user failure message was provided,,,
,,Baseband,Firmware_Load-Diags,BB_Wait_For_Ready,,1,1,0,,,,PASS,No user failure message was provided,,,
,,Baseband,Firmware_Load-Diags,BB_PING,,1,1,0,,,,PASS,No user failure message was provided,,,
BB_FIRMWARE,0.11.00-1-0412-Official_EVT_V45-92be120-1716-debug,,,,,,,,,,,,,,,
,,Baseband,Firmware_Load-Diags,BB_Firmware_Version,,1,1,0,,,,PASS,No user failure message was provided,,,
BB_SN,0xD2F99EC3,,,,,,,,,,,,,,,
,,Baseband,Firmware_Load-Diags,BB_SN,,1,1,0,,,,PASS,No user failure message was provided,,,
,,Baseband,Firmware_Load-Diags,BB_OFF,,1,1,0,,,,PASS,No user failure message was provided,,,
,,Nand,GBB_Test,NAND_DEBUG_TEST_END,,1,1,0,,,,PASS,No user failure message was provided,,,
,,Nand,GBB_Test,NAND_VERTICAL_ORPHAN,NA,NA,0,NA,NA,,1,PASS,No user failure message was provided,,,
,,Nand,GBB_Test,NAND_VERTICAL_DESTINATION,NA,NA,0,NA,NA,,1,PASS,No user failure message was provided,,,
,,Nand,GBB_Test,NAND_SKINNY,NA,NA,0,NA,NA,,1,PASS,No user failure message was provided,,,
,,Nand,GBB_Test,NAND_LAST_DEFECT,NA,NA,0,NA,NA,,1,PASS,No user failure message was provided,,,
,,Nand,GBB_Test,NAND_UNEXPECTED_BLANK,NA,NA,0,NA,NA,,1,PASS,No user failure message was provided,,,
,,Nand,GBB_Test,NAND_SKINNY_DONOR,NA,NA,12,NA,NA,,1,PASS,No user failure message was provided,,,
,,Nand,GBB_Test,NAND_RXBURN_REL_REFRESH,NA,NA,0,NA,NA,,1,PASS,No user failure message was provided,,,
,,Nand,GBB_Test,NAND_UTIL_RETIRE,NA,NA,0,NA,NA,,1,PASS,No user failure message was provided,,,
,,Nand,GBB_Test,NAND_RETIRE,NA,NA,0,NA,NA,,1,PASS,No user failure message was provided,,,
,,Nand,GBB_Test,NAND_UTIL_REFRESH,NA,NA,0,NA,NA,,1,PASS,No user failure message was provided,,,
,,Nand,GBB_Test,NAND_RXBURN_FERF_REFRESH,NA,NA,0,NA,NA,,1,PASS,No user failure message was provided,,,
,,Nand,GBB_Test,NAND_REFRESH,NA,NA,0,NA,NA,,1,PASS,No user failure message was provided,,,
,,Nand,GBB_Test,NAND_UTIL_UNC,NA,NA,0,NA,NA,,1,PASS,No user failure message was provided,,,
,,Nand,GBB_Test,NAND_UTIL_PFAIL,NA,NA,0,NA,NA,,1,PASS,No user failure message was provided,,,
,,Nand,GBB_Test,NAND_UTIL_EFAIL,NA,NA,0,NA,NA,,1,PASS,No user failure message was provided,,,
,,Nand,GBB_Test,NAND_UTIL,NA,NA,5,NA,NA,,1,PASS,No user failure message was provided,,,
,,Nand,GBB_Test,NAND_RVFAIL,NA,NA,0,NA,NA,,1,PASS,No user failure message was provided,,,
,,Nand,GBB_Test,NAND_RFAIL_BONFIRE_DNU,NA,NA,0,NA,NA,,1,PASS,No user failure message was provided,,,
,,Nand,GBB_Test,NAND_UNC,NA,0,0,0,NA,,1,PASS,No user failure message was provided,,,
,,Nand,GBB_Test,NAND_PFAIL,NA,2,0,0,NA,,1,PASS,No user failure message was provided,,,
,,Nand,GBB_Test,NAND_EFAIL,NA,2,0,0,NA,,1,PASS,No user failure message was provided,,,
,,Nand,GBB_Test,NAND_PFAIL+NAND_EFAIL,NA,2,0,0,NA,,1,PASS,No user failure message was provided,,,
,,Nand,GBB_Test,NAND_FACTORY,NA,NA,7,NA,NA,,1,PASS,No user failure message was provided,,,
,,Nand,ANS_health_check,9_Smart_media_errors,NA,0,0,0,NA,,1,PASS,No user failure message was provided,,,
,,Nand,ANS_health_check,10_Smart_Critical_Warnings,NA,0,0,0,NA,,1,PASS,No user failure message was provided,,,
,,Nand,ANS_health_check,704_Number_of_Clog_double_UECC,NA,0,0,0,NA,,1,PASS,No user failure message was provided,,,
,,Nand,ANS_health_check,802_CLOG_programs_failed,NA,0,0,0,NA,,1,PASS,No user failure message was provided,,,
,,Nand,ANS_health_check,803_CLOG_read_failed,NA,0,0,0,NA,,1,PASS,No user failure message was provided,,,
,,Nand,ANS_health_check,804_CLOG_read_erased_page,NA,0,0,0,NA,,1,PASS,No user failure message was provided,,,
,,Nand,ANS_health_check,813_Raid_reconstruct_success_Internal,NA,0,0,0,NA,,1,PASS,No user failure message was provided,,,
,,Nand,ANS_health_check,815_Raid_reconstruct_succes_Host,NA,0,0,0,NA,,1,PASS,No user failure message was provided,,,
,,Nand,ANS_health_check,816_Raid_reconstruct_fail_Host,NA,0,0,0,NA,,1,PASS,No user failure message was provided,,,
,,Nand,ANS_health_check,1005_Avg_PE_cycle_over_MLC/TLC_bands,NA,75,7,0,NA,,1,PASS,No user failure message was provided,,,
,,Nand,ANS_health_check,1008_Write_Amplification,NA,800,227,0,NA,,1,PASS,No user failure message was provided,,,
,,Nand,ANS_health_check,1042_Avg_PE_cycles_over_SLC_bands,NA,1000,130,0,NA,,1,PASS,No user failure message was provided,,,
,,Nand,ANS_health_check,1917_RMX_failed_die,NA,0,0,0,NA,,1,PASS,No user failure message was provided,,,
,,Nand,ANS_health_check,108_Raid_LBA_missmatch,NA,0,0,0,NA,,1,PASS,No user failure message was provided,,,
,,Nand,ANS_health_check,814_Raid_reconstruct_fail_Internal,NA,0,0,0,NA,,1,PASS,No user failure message was provided,,,
,,SEP,Initial-Test,SEP_C,,1,1,0,,,,PASS,No user failure message was provided,,,
,,DUTInfo,CB,Write_ICT_CB,,1,1,0,,,,PASS,No user failure message was provided,,,
,,DUTInfo,CB,Read_ICT_CB,,1,1,0,,,,PASS,No user failure message was provided,,,
,,DUTInfo,finishProcessControl_DFU,CP Error Check,NA,NA,0,NA,NA,,1,PASS,No user failure message was provided,,,
,,DUTInfo,finishProcessControl_DFU,Response Error Check,NA,NA,0,NA,NA,,1,PASS,No user failure message was provided,,,
,,DUTInfo,finishProcessControl_DFU,Zip fixture log and Upload to PDCA,,1,1,0,,,,PASS,No user failure message was provided,,,
,,Power,Rail_Discharge-Initial,SHUT_DOWN,,1,1,0,,,,PASS,No user failure message was provided,,,
,,Fixture,SET_FAN_SPEED_0,SET FAN SPEED 0,,1,1,0,,,,PASS,No user failure message was provided,,,
,,Power,Rail_Discharge-Initial,Set_PDVBUS_0V_Endtest,,1,1,0,,,,PASS,No user failure message was provided,,,
,,Power,Rail_Discharge-Initial,DELAY_1000MS_Endtest,,1,1,0,,,,PASS,No user failure message was provided,,,
,,Power,Rail_Discharge-Initial,Set_VBATT_0V_Endtest,,1,1,0,,,,PASS,No user failure message was provided,,,
,,Power,Rail_Discharge-Initial,VBATT_Power_Discharge_Endtest,,1,1,0,,,,PASS,No user failure message was provided,,,
,,Power,Rail_Discharge-Initial,PPVCC_MAIN_Discharge_Endtest,,1,1,0,,,,PASS,No user failure message was provided,,,
,,Power,Rail_Discharge-Initial,VBUS_Power_Discharge_Endtest,,1,1,0,,,,PASS,No user failure message was provided,,,
,,Power,Rail_Discharge-Initial,PPVCC_HIGH_Discharge_Endtest,,1,1,0,,,,PASS,No user failure message was provided,,,
,,Power,Rail_Discharge-Initial,DELAY_3000MS_Endtest,,1,1,0,,,,PASS,No user failure message was provided,,,
,,Power,Rail_Discharge-Initial,VBATT_Power_Disconnect_Endtest,,1,1,0,,,,PASS,No user failure message was provided,,,
,,Power,Rail_Discharge-Initial,VBUS_Power_Disconnect_Endtest,,1,1,0,,,,PASS,No user failure message was provided,,,
,,Power,Rail_Discharge-Initial,PPVCC_MAIN_Disconnect_Endtest,,1,1,0,,,,PASS,No user failure message was provided,,,
,,Power,Rail_Discharge-Initial,PPVCC_HIGH_Disconnect_Endtest,,1,1,0,,,,PASS,No user failure message was provided,,,
,,,,,,,,,,,,,,Apr 16 2021 11:21:44.8850 PM,Apr 16 2021 11:39:02.0940 PM,
